-- phpMyAdmin SQL Dump
-- version 4.7.9
-- https://www.phpmyadmin.net/
--
-- Host: localhost
-- Generation Time: Aug 03, 2018 at 04:50 PM
-- Server version: 10.1.31-MariaDB
-- PHP Version: 7.2.3

SET SQL_MODE = "NO_AUTO_VALUE_ON_ZERO";
SET AUTOCOMMIT = 0;
START TRANSACTION;
SET time_zone = "+00:00";


/*!40101 SET @OLD_CHARACTER_SET_CLIENT=@@CHARACTER_SET_CLIENT */;
/*!40101 SET @OLD_CHARACTER_SET_RESULTS=@@CHARACTER_SET_RESULTS */;
/*!40101 SET @OLD_COLLATION_CONNECTION=@@COLLATION_CONNECTION */;
/*!40101 SET NAMES utf8mb4 */;

--
-- Database: `dificam`
--

-- --------------------------------------------------------

--
-- Table structure for table `bobot`
--

CREATE TABLE `bobot` (
  `v0` double NOT NULL,
  `v1` double NOT NULL,
  `v2` double NOT NULL,
  `v3` double NOT NULL,
  `v4` double NOT NULL,
  `w` double NOT NULL
) ENGINE=InnoDB DEFAULT CHARSET=latin1;

--
-- Dumping data for table `bobot`
--

INSERT INTO `bobot` (`v0`, `v1`, `v2`, `v3`, `v4`, `w`) VALUES
(0.28836604639149455, 0.735839692284095, 0.7664118751198055, 0.642849809181886, 0.6748123390059257, 2.2824867056217424),
(0.3886151529181578, 0.4364197370491364, 0.7664885276330867, 1.0430122666614579, 0.27522515607093667, 2.0630418249454228),
(0.2728185100517562, 0.10997647225991868, 0.3563180899361453, 0.21783485140542283, 0.9571707805568094, 2.5109396149548497),
(0.5677419128804803, 1.1028228105779014, 0.15180294954790477, 0.7099137117978834, 0.8527817358881672, 2.75500935546006),
(0.989835534598165, 0.3381910618146559, 0.9674699133473337, 0.14507262531202522, 0.4760972508474557, 2.7181496848510505),
(1.1766783741827151, 0.5378741150037725, 1.0698903147388144, 0.9702757711662131, 1.1833355341410368, 3.037567735105289);

-- --------------------------------------------------------

--
-- Table structure for table `tbl_pelatihan`
--

CREATE TABLE `tbl_pelatihan` (
  `id` varchar(20) NOT NULL,
  `id_pengguna` varchar(11) NOT NULL,
  `mean` double NOT NULL,
  `variance` double NOT NULL,
  `skewness` double NOT NULL,
  `kurtosis` double NOT NULL,
  `entrophy` double NOT NULL
) ENGINE=InnoDB DEFAULT CHARSET=latin1;

--
-- Dumping data for table `tbl_pelatihan`
--

INSERT INTO `tbl_pelatihan` (`id`, `id_pengguna`, `mean`, `variance`, `skewness`, `kurtosis`, `entrophy`) VALUES
('1', '1', 146.324, 8332.22, 0.000011374, 0.000000313204, 29.273),
('2', '1', 146.217, 8323.79, 0.0000113836, 0.000000313511, 29.2721),
('3', '1', 146.017, 8323.66, 0.0000113585, 0.000000312805, 29.2577),
('4', '1', 146.078, 8331.07, 0.0000113464, 0.000000312442, 29.2667),
('5', '1', 146.126, 8330.54, 0.0000113549, 0.000000312719, 29.2704),
('6', '2', 145.844, 8124, 0.0000120446, 0.00000033856, 29.1339),
('7', '2', 145.54, 8106.89, 0.00001206, 0.000000339266, 29.1048),
('8', '2', 145.63, 8104.43, 0.000012085, 0.000000340216, 29.1152),
('9', '2', 147.354, 8180.98, 0.0000120496, 0.000000337493, 29.3031),
('10', '2', 146.344, 8137.33, 0.0000120649, 0.000000338869, 29.1933),
('11', '1', 146.027, 8314.94, 0.0000113913, 0.000000314046, 29.2576),
('12', '1', 146.286, 8331.79, 0.0000113709, 0.000000313143, 29.276),
('13', '1', 146.404, 8311.5, 0.0000114621, 0.000000316637, 29.2946),
('14', '1', 146.404, 8311.5, 0.0000114621, 0.000000316637, 29.2946),
('15', '1', 147.314, 8322.59, 0.0000115455, 0.000000318812, 29.0943),
('16', '2', 146.646, 8145.93, 0.0000120746, 0.000000338919, 29.2316),
('17', '2', 146.358, 8161.52, 0.000011972, 0.000000335239, 29.2544),
('18', '2', 147.099, 8235.17, 0.000011819, 0.000000329137, 29.3519),
('19', '2', 147.357, 8186.45, 0.0000120323, 0.000000336883, 29.2893),
('20', '2', 146.972, 8210.86, 0.0000118822, 0.000000331422, 29.3259),
('21', '3', 146.465, 8297.3, 0.0000115085, 0.000000317804, 29.0004),
('22', '3', 146.36, 8291.82, 0.0000115094, 0.000000317809, 28.9778),
('23', '3', 146.536, 8287.07, 0.0000115522, 0.0000003193, 28.9843),
('24', '3', 146.562, 8294.14, 0.0000115283, 0.000000318301, 28.9758),
('25', '3', 146.423, 8308.66, 0.0000114625, 0.000000316109, 28.9881),
('26', '3', 146.486, 8297.82, 0.0000115049, 0.000000317511, 28.9673),
('27', '3', 145.871, 8253.31, 0.0000115768, 0.000000320676, 28.8377),
('28', '3', 146.32, 8288.71, 0.0000115155, 0.000000318088, 28.9961),
('29', '3', 146.139, 8289.49, 0.0000114877, 0.000000317197, 28.9858),
('30', '3', 146.243, 8288.96, 0.0000115037, 0.000000317708, 28.9691),
('31', '4', 145.575, 8225.25, 0.0000116537, 0.000000324094, 28.9692),
('32', '4', 145.008, 8206.53, 0.0000116371, 0.000000323856, 28.9224),
('33', '4', 145.09, 8177.22, 0.0000117508, 0.000000327956, 28.9075),
('34', '4', 145.075, 8216.3, 0.0000116113, 0.000000322818, 28.9509),
('35', '4', 145.079, 8220.75, 0.0000115946, 0.000000322138, 28.9514),
('36', '4', 144.926, 8211.37, 0.0000116063, 0.000000322697, 28.945),
('37', '4', 143.925, 8103.55, 0.0000118456, 0.000000332139, 28.5922),
('38', '4', 143.646, 8087.89, 0.0000118648, 0.000000333119, 28.5633),
('39', '4', 144.076, 8121.26, 0.0000118092, 0.000000330802, 28.5948),
('40', '4', 143.89, 8144.64, 0.0000116989, 0.000000326811, 28.5777),
('41', '5', 139.02, 8193.9, 0.0000108925, 0.000000300978, 28.6369),
('42', '5', 140.936, 8270.95, 0.0000108829, 0.000000299099, 28.9164),
('43', '5', 140.671, 8256.83, -0.000000237154, 0.0000000209497, 28.8913),
('44', '5', 139.965, 8243.83, 0.0000108509, 0.00000029876, 28.8103),
('45', '5', 140.639, 8221.46, 0.0000110133, 0.000000304341, 28.8609),
('46', '5', 141.158, 8200.22, 0.0000111547, 0.000000309248, 28.8854),
('47', '5', 141.138, 8120.98, 0.0000114177, 0.00000031888, 28.8616),
('48', '5', 141.873, 7644.48, 0.0000133837, 0.000000393318, 28.5409),
('49', '5', 143.491, 7789.14, 0.0000130328, 0.000000378478, 28.8456),
('50', '5', 144.99, 7930.13, 0.0000126959, 0.000000364445, 29.0149),
('51', '6', 139.839, 8063.26, 0.0000114178, 0.000000320162, 28.1279),
('52', '6', 139.85, 8053.47, 0.0000114542, 0.000000321395, 28.1462),
('53', '6', 140.212, 8146.66, 0.0000111867, 0.000000311185, 28.1815),
('54', '6', 139.998, 8111.96, 0.0000112798, 0.00000031496, 28.1742),
('55', '6', 140.125, 8126.92, 0.0000112437, 0.000000313387, 28.098),
('56', '6', 139.547, 8064.6, -0.000000237061, 0.0000000230569, 28.0666),
('57', '6', 139.6, 8084.53, 0.0000113163, 0.00000031661, 28.1906),
('58', '6', 139.648, 7961.83, 0.0000117503, 0.000000332716, 28.2494),
('59', '6', 139.845, 7981.17, 0.0000117117, 0.000000331161, 28.2386),
('60', '6', 139.785, 7963.4, 0.0000117657, 0.000000333185, 28.1958),
('61', '7', 138.064, 7832.98, 0.0000120029, 0.00000034374, 28.1595),
('62', '7', 138.186, 7818.2, 0.0000120721, 0.000000346144, 28.165),
('63', '7', 138.083, 7791.99, 0.0000121594, 0.000000349612, 28.1411),
('64', '7', 137.474, 7749.85, 0.0000122296, 0.000000352891, 28.1401),
('65', '7', 138.112, 7727.79, 0.0000124221, 0.000000359973, 28.1564),
('66', '7', 137.974, 7749.75, 0.0000123136, 0.000000355883, 28.1653),
('67', '7', 138.059, 7715.43, 0.0000124595, 0.000000361322, 28.1658),
('68', '7', 139.978, 7849.67, 0.000012221, 0.000000350182, 28.212),
('69', '7', 140.087, 7870.41, 0.0000121566, 0.000000347594, 28.2167),
('70', '7', 140.241, 7867.82, 0.0000121904, 0.000000348796, 28.2494),
('71', '8', 137.85, 8313.08, 0.0000103546, 0.000000281932, 28.405),
('72', '8', 136.727, 8328.99, 0.0000101785, 0.000000276597, 28.3873),
('73', '8', 138.126, 8342.33, 0.0000103036, 0.000000280017, 28.4113),
('74', '8', 137.176, 8338.44, 0.0000101988, 0.000000276863, 28.3977),
('75', '8', 136.859, 8326.43, 0.0000101897, 0.0000002766, 28.3297),
('76', '8', 139.923, 8356.21, 0.0000104604, 0.000000283852, 28.6722),
('77', '8', 135.614, 8304.14, 0.0000101059, 0.00000027443, 28.1066),
('78', '8', 139.916, 8367.15, -0.00000022871, 0.0000000201829, 28.5857),
('79', '8', 139.218, 8338.03, 0.0000104322, 0.000000283358, 28.5674),
('80', '8', 139.038, 8360.97, 0.0000103438, 0.000000280396, 28.5399),
('81', '9', 141.77, 7940.56, 0.000012158, 0.00000034598, 28.4125),
('82', '9', 141.328, 7937.81, 0.0000120946, 0.000000343711, 28.4782),
('83', '9', 141.525, 7966.11, 0.0000120191, 0.000000340731, 28.4589),
('84', '9', 141.233, 7977.8, 0.0000119327, 0.000000337726, 28.4285),
('85', '9', 141.355, 7964.34, 0.0000120005, 0.000000340199, 28.4416),
('86', '9', 141.24, 7950.18, 0.0000120379, 0.000000341757, 28.48),
('87', '9', 141.249, 7985.29, 0.0000119067, 0.000000336729, 28.4883),
('88', '9', 143.453, 8102.11, 0.0000118, 0.000000331123, 28.781),
('89', '9', 143.557, 8088.21, 0.0000118648, 0.000000333419, 28.7488),
('90', '9', 143.39, 8074.23, 0.0000118932, 0.000000334639, 28.7402),
('91', '10', 136.659, 8533.85, 0.00000957977, 0.000000255594, 29.1864),
('92', '10', 136.842, 8522.58, 0.00000963124, 0.000000257263, 29.1479),
('93', '10', 137.014, 8474.32, 0.00000977983, 0.000000262232, 29.0152),
('94', '10', 137.288, 8511.96, 0.00000971278, 0.00000025993, 29.155),
('95', '10', 137.385, 8528.68, 0.00000967954, 0.000000258693, 29.1329),
('96', '10', 136.932, 8499.25, 0.00000969993, 0.000000259375, 28.9808),
('97', '10', 136.933, 8524.06, 0.00000962958, 0.000000256802, 28.9891),
('98', '10', 0, 0, 0, 0, 0),
('99', '10', 141.184, 8519.6, 0.0000101332, 0.000000271714, 29.3568),
('100', '10', 141.232, 8527.32, 0.0000101173, 0.000000271124, 29.3563),
('101', '10', 141.926, 8561.25, 0.0000101059, 0.000000270487, 29.5654);

-- --------------------------------------------------------

--
-- Table structure for table `tbl_pengguna`
--

CREATE TABLE `tbl_pengguna` (
  `id_pengguna` varchar(11) NOT NULL,
  `nama` text,
  `tgl_lahir` date DEFAULT NULL,
  `jk` text,
  `alamat` text
) ENGINE=InnoDB DEFAULT CHARSET=latin1;

--
-- Dumping data for table `tbl_pengguna`
--

INSERT INTO `tbl_pengguna` (`id_pengguna`, `nama`, `tgl_lahir`, `jk`, `alamat`) VALUES
('1', 'Citra Nadya Ulfa', '0000-00-00', '', ''),
('10', 'Rengga Harsya Abdillah', '0000-00-00', '', 'Palembang'),
('2', 'Henny Pratiwi', '0000-00-00', '', ''),
('3', 'Hijriah', '0000-00-00', 'P', 'Pekanbaru'),
('4', 'Ulfah Adzkia', '0000-00-00', 'P', ''),
('5', 'Lukmanul Hakim', '0000-00-00', '', ''),
('6', 'Salahudding Firmansyah', '0000-00-00', '', 'Tapung'),
('7', 'Joni Saputra', '0000-00-00', '', 'Perawang'),
('8', 'Ali Iqbal', '0000-00-00', '', 'Bukit Tinggi'),
('9', 'Muhammad Iqbal', '0000-00-00', '', 'Bukit Tinggi');

-- --------------------------------------------------------

--
-- Table structure for table `temp_y`
--

CREATE TABLE `temp_y` (
  `y` double NOT NULL,
  `t` int(11) NOT NULL
) ENGINE=InnoDB DEFAULT CHARSET=latin1;

--
-- Dumping data for table `temp_y`
--

INSERT INTO `temp_y` (`y`, `t`) VALUES
(0.9999996963189156, 1),
(0.9999996963240864, 1),
(0.9999996960167548, 1),
(0.9999996959920476, 1),
(0.9999996960891815, 1),
(0.999999701056271, 2),
(0.9999997009695393, 2),
(0.9999997012332524, 2),
(0.9999997020471996, 2),
(0.9999997015276174, 2),
(0.9999996962910985, 1),
(0.9999996962901517, 1),
(0.9999996971492053, 1),
(0.9999996971492053, 1),
(0.9999996976773938, 1),
(0.9999997017917738, 2),
(0.999999700938665, 2),
(0.9999997003137416, 2),
(0.9999997018947349, 2),
(0.9999997006587048, 2),
(0.9999996967597244, 3),
(0.999999696648508, 3),
(0.9999996970873937, 3),
(0.9999996968697866, 3),
(0.9999996963391947, 3),
(0.9999996966331953, 3),
(0.99999969665041, 3),
(0.9999996967284159, 3),
(0.9999996964058326, 3),
(0.9999996965372474, 3),
(0.9999996975275518, 4),
(0.9999996970379231, 4),
(0.9999996979283547, 4),
(0.9999996969235988, 4),
(0.9999996967821689, 4),
(0.9999996967982032, 4),
(0.9999996974142954, 4),
(0.9999996973943645, 4),
(0.999999697219828, 4),
(0.9999996962137329, 4),
(0.9999996874699322, 5),
(0.9999996889819561, 5),
(0.9999994837266842, 5),
(0.9999996880018772, 5),
(0.9999996898763301, 5),
(0.999999691398181, 5),
(0.9999996935163826, 5),
(0.9999997082455908, 5),
(0.9999997069669623, 5),
(0.999999705446449, 5),
(0.9999996911057748, 6),
(0.9999996914532355, 6),
(0.9999996894111417, 6),
(0.9999996901315232, 6),
(0.999999689656736, 6),
(0.9999994722803167, 6),
(0.9999996903018016, 6),
(0.9999996941259114, 6),
(0.9999996938743096, 6),
(0.9999996941821683, 6),
(0.9999996953674972, 7),
(0.9999996959769472, 7),
(0.999999696603186, 7),
(0.9999996969349233, 7),
(0.9999996988239245, 7),
(0.9999996979133687, 7),
(0.9999996991013975, 7),
(0.9999996980094418, 7),
(0.9999996975398011, 7),
(0.9999996979580346, 7),
(0.9999996813166471, 8),
(0.999999679087638, 8),
(0.999999681031587, 8),
(0.9999996795075617, 8),
(0.9999996790206587, 8),
(0.9999996839640022, 8),
(0.999999676904539, 8),
(0.9999994823036, 8),
(0.9999996830793382, 8),
(0.9999996821269548, 8),
(0.9999996986775168, 9),
(0.9999996981111036, 9),
(0.999999697547082, 9),
(0.9999996966615715, 9),
(0.9999996972919772, 9),
(0.9999996976458488, 9),
(0.9999996965994512, 9),
(0.9999996973731909, 9),
(0.9999996978483501, 9),
(0.9999996979902883, 9),
(0.9999996756870321, 10),
(0.99999967616466, 10),
(0.9999996772501902, 10),
(0.999999677225391, 10),
(0.9999996769047701, 10),
(0.9999996763257271, 10),
(0.9999996756557314, 10),
(0.9999941985242662, 10),
(0.9999996836047205, 10),
(0.9999996834881764, 10);

--
-- Indexes for dumped tables
--

--
-- Indexes for table `tbl_pengguna`
--
ALTER TABLE `tbl_pengguna`
  ADD PRIMARY KEY (`id_pengguna`);
COMMIT;

/*!40101 SET CHARACTER_SET_CLIENT=@OLD_CHARACTER_SET_CLIENT */;
/*!40101 SET CHARACTER_SET_RESULTS=@OLD_CHARACTER_SET_RESULTS */;
/*!40101 SET COLLATION_CONNECTION=@OLD_COLLATION_CONNECTION */;
